id,date,value,code
b97e6804-258a-41a8-8dd9-03a57ef2bec1,3/25/2022,2373,YEG
b65190c9-2061-4400-904c-0f041f7545e1,03/05/2022,633,HAO
87a926e8-3a91-4400-a7a8-8b6702288345,05/02/2022,75,DPK
49373af0-5e70-468d-ad45-d3a4d77c1854,7/25/2022,337,GTS
496a142a-78c7-4b91-b6f5-ad759c62a97c,11/04/2022,1822,BAL
08ac4e0f-ef99-47c3-a7a9-136a89959216,3/19/2022,3880,MYX
93d1d9a6-ac6c-4857-a9b3-57edb25f7516,12/09/2022,870,GAQ
d094a105-83a7-43e2-8dea-232ba1f991fb,09/03/2022,220,REB
cfc5b119-c207-4f95-a76e-b0278b186b37,4/27/2022,2077,FMM
11dceb6a-9e9f-48ce-aa1c-f6c93e3f02a0,2/17/2022,1307,CAD
7a6d67ad-fd29-4d6e-b72a-3748e09622a0,12/22/2021,4165,FSU
0e9d148b-1c0f-42ce-9e7e-9694ae7c6d01,1/26/2022,28,HIR
e76aa728-9d47-4a4c-8a02-ee249aba49c0,2/27/2022,393,SBG
b06a8673-1fe7-4749-898f-76a4b6820b58,3/20/2022,2697,PSW
96fe4303-a32b-48d1-b0d2-7533ff994afb,5/16/2022,2182,MMJ
df18afec-3dca-461e-8bf2-30d2967b50b0,03/07/2022,92,LIF
c9cf9894-856d-4a90-b0f1-5d056e0d180f,01/11/2022,8,CZJ
366885ef-dbf0-460f-b918-1f9715ebd344,04/03/2022,648,SQI
15060536-fdd8-47a1-85b1-5ee5fe7274f5,7/26/2022,95,HTG
b219fc3a-dd2e-497b-a955-0ea1f5de6fa7,11/23/2022,349,LPP
aa40023a-742c-4732-968d-0b326a9dffff,06/08/2022,20,ADL
fd0f6493-b7f7-45f1-bbca-180c30c060db,11/24/2022,20,GNS
99104280-a361-4f6a-94dd-f49710e360e4,2/22/2022,1106,RNE
b6159cc5-4ffc-4e38-aa54-85ce657387ec,10/09/2022,349,MNH
89cb8692-4447-4eba-a788-ce082a2f8172,1/21/2022,3245,PPA
ad71e883-19f1-4f54-8fc6-50d7a5a66ea9,3/26/2022,17,PGL
0548c197-245f-4ece-af74-2f1aa27119d6,10/17/2022,109,NGK
8f819894-4d3a-4120-b358-a4a92292fb45,04/02/2022,875,CCA
b2244a1a-76d9-46f4-be93-bff758a3fcae,03/01/2022,93,ISO
f5776e36-b89c-45a3-ae80-8ea3bd03f86d,08/01/2022,59,THD
7d7bf1f9-9c14-491f-bced-f1feadb8a2c6,10/28/2022,1450,PFR
f793773d-dd9d-474d-8337-6770a36a2f13,5/23/2022,827,ASX
ad95d847-b9a8-43f8-8bb0-b5de5784566a,10/15/2022,,KXA
4427e39e-13ee-4373-9147-76ac0fa25330,07/06/2022,3963,FLX
376552fe-331f-43a5-994b-f4d684910ba6,03/08/2022,5636,MFX
f2b1dd55-f1b4-48fa-ae7e-c4dc8a01c975,06/08/2022,4185,SWG
6d4fcec2-c4ef-486f-8144-d90d0b6a2e92,6/13/2022,774,UCK
c696093a-4b0c-4ba2-ae19-9a1c26738900,11/12/2022,10,EDR
30eda6ac-9afa-4594-8c64-c37d61e66258,09/04/2022,5573,PXL
eedfca63-b17c-4864-bccb-0d2b77686d6e,11/01/2022,656,SXX
a33515de-eccc-4f47-9ff6-dc18e86430eb,7/15/2022,3853,WGU
0af69869-f35d-4421-b24f-164bb551cfe5,02/03/2022,5141,ZMM
43f2c67e-490f-451f-b086-e2642ae1bd45,4/18/2022,2100,FBE
ef30fc62-4224-4a9e-9961-bdfeefa7289a,5/13/2022,761,PLX
09696796-266a-4d32-9860-6e65acc3238f,09/07/2022,1646,CPV
47567ae9-784c-48dd-8b03-1dffe15cb6fa,01/08/2022,2018,BVH
37b6d191-17e6-4241-90e6-9808360f7c8c,4/18/2022,574,GDX
5fc4800d-0950-418b-bc7e-7cecd252fa93,02/10/2022,1375,SCV
36176954-02db-4919-a928-af79d5e28a92,09/05/2022,1070,CCH
2c23e1e2-50bd-4ac9-9913-6030651ecd48,1/20/2022,656,MQJ
97f574f3-d985-4bb4-825d-f6e390917f57,2/23/2022,36,VIL
b15c8af1-88b0-4af1-80b9-aa412fb88d11,03/10/2022,29,KTA
33e3acd3-7ee2-4c8c-bf12-3e3e1a2b0358,07/06/2022,1801,PON
1d4c4cb6-3df8-4540-acc3-e51529d79f83,08/10/2022,27,RIG
e1d24b6a-9856-4822-b697-7c17e49a1cab,6/28/2022,4670,MCR
b3b23fb1-d02f-4d18-ab43-d06fefa78024,7/17/2022,682,PBQ
c9a6c06b-a792-4606-8bee-fea12b61e299,1/15/2022,4245,DRU
ae169f7d-6176-490f-9d1e-9a1ed5416572,11/11/2022,2157,KMF
81be6911-0b65-4108-bbca-972bd6a24e26,8/13/2022,361,ETS
cd81cc39-542c-4e2e-b2be-ffd4616b75df,12/16/2022,0,ELV
ca94d97d-9c98-4d3f-9218-fc720cb3d709,5/20/2022,62,SJC
8b8254e4-1596-4f74-a89d-468d43d04eeb,6/19/2022,5785,TKW
42f0005d-432a-4e11-8e5c-213d6bc32ba7,10/03/2022,123,CHC
ebe44f06-e37a-41ed-8830-676237bff572,02/03/2022,1862,RSL
862e4dde-4d38-4a0a-ba9a-f6f0366803df,05/03/2022,60,TVU
0aa584d5-b682-42e2-98d3-3af11f6030e2,9/14/2022,1765,PRR
a069ebfd-85fa-4cfa-aa0d-a02b13c2f136,2/25/2022,17,TNB
39907ec6-c5f8-4f8a-820a-cfa77d8f8538,12/26/2021,3782,EBB
ad90ab9b-0bb5-4a7e-9a6a-465bc2b161fd,6/25/2022,484,NLD
5d9c2b9c-a25f-44e8-94bd-6a709a4ba724,5/20/2022,96,CHN
4f0e29ed-657c-4b29-948e-81bcdb689b51,05/08/2022,49,PMZ
8628b854-7dcb-49f0-8785-0cb5726f0931,02/07/2022,1535,FWL
86602f49-9df4-4074-bc00-24f3208aaafe,8/21/2022,735,EGO
939017f4-d348-4074-b0ef-b42c82ff1db6,03/11/2022,572,HUJ
490b1358-e3d8-4654-85ce-c208a0e995b9,08/11/2022,56,ILY
2b2d01a6-e2a7-4bf2-99e9-795e43b41de6,8/27/2022,16,LPX
0fb82a49-eb3c-4afe-ba24-64bdbfc712d7,03/02/2022,,ULO
1cc970ba-ac82-46be-9e2c-4753d129b4dd,11/22/2022,4,IMI
684990b6-b652-48d7-ae39-0e2a6908632f,10/31/2022,551,SQE
20198e15-107f-4ecb-9893-d463db0e5764,01/06/2022,1197,SPM
e5b5df32-ee06-4c21-b4ff-3a9b464d26b9,4/15/2022,41,WYA
b91e58ba-a433-447e-aa3a-b873c7096dd9,8/31/2022,50,MQR
4c21440d-18ce-4722-a926-5058bd16c0fe,09/07/2022,966,CWT
ab218de6-b77e-4c4d-a9e9-36fa2908148b,12/24/2021,,KWP
b79348d2-7cc9-4fda-9d78-e52b7f1e16d4,03/10/2022,1886,CBR
2a2b279d-8f8e-417e-8283-650b2ea0d5df,09/10/2022,58,DRR
b9ecc669-094c-486f-b5ef-a04c55096911,08/10/2022,480,ESP
c528c357-a950-4d66-96ae-d12a0ba8a684,3/14/2022,6,ULI
70ad0a9f-3c04-46c6-884c-ba4d339e6339,10/07/2022,433,SEA
e2ace4e8-0f9f-4e14-b3cc-421010f6d90f,11/15/2022,376,JSH
f8734fbf-34bf-4550-9266-ae2aeefdcf0a,7/26/2022,2904,LZM
7990e94e-f393-4ff4-8ba0-fa5afadfa877,10/15/2022,3025,VAG
da293fc7-cd9e-421a-98e8-38ae40c5df84,10/23/2022,41,TNO
a6626ca0-7b34-4cff-bb93-204564faf00c,02/02/2022,219,SEY
cb5b60c6-ca8d-4b9f-a9da-355a91cac9cd,8/14/2022,203,CYA
d8f12666-cf1b-4c12-87b5-b7f59a5a1f9c,9/20/2022,271,RYK
ab5e8efa-2793-4d44-b0e4-2dd3e4266c17,8/31/2022,2684,LNP
3524d8c7-7512-47da-82d2-3c7bdf97140d,9/16/2022,16,SWQ
224f66fa-1514-49c0-b816-8566ceb78c5f,5/23/2022,407,KHJ
9678687c-7717-4ca5-986f-d41e1ce4dab9,4/15/2022,70,ISS
370fe9ff-352d-40d4-8fd8-6a97801ca194,9/25/2022,1072,IMG
2f3975ad-a120-4801-ada0-4c1960d76ff9,12/11/2022,271,BAF
60f79157-acaf-4d3d-8ef1-60ce48521c49,1/17/2022,111,SHJ
ba3a4920-066e-4629-84d8-a95dce6bb39e,4/16/2022,285,ALB
91875841-73cd-4518-9f22-bc0686fd46f8,3/18/2022,3730,GNZ
419b080b-2d5c-403a-8927-86f8d5fc0dd8,08/03/2022,1267,NGA
46bdb489-17cd-43c9-8be6-dd7b122baae7,9/22/2022,29,MGQ
7dcd5d9a-8101-4dbf-979b-ebe3f94950eb,01/12/2022,1283,IKL
f82ae509-60eb-44d6-917a-8e8d65217bf8,12/11/2022,1160,BNW
47292a7f-7f1f-4cea-8b9b-8f3820616d3b,6/17/2022,1620,PZI
3e99d992-9b1b-4566-a2d7-eafbdd5102d1,12/22/2021,190,SII
d82b2163-eed0-4552-8e52-be9de8c52b94,1/29/2022,6120,BYD
ad7fc799-1e9d-42f8-b785-97ed38ab7d2d,02/01/2022,27,IBO
a2653fb8-9179-4564-9ebf-1bf95fcde8df,02/07/2022,75,TTW
8a9658c3-694b-4c1f-9d3d-39c2c93978d8,6/22/2022,916,HZP
5fe3b83b-e653-4199-a56a-02dc3f0c1adc,10/13/2022,1640,BAN
95b4bdc8-7284-4b55-9864-33dc5ca5b2f6,08/09/2022,359,WBQ
b8b59bee-a167-4c01-8c41-d7e0e106705e,09/11/2022,287,RIA
71eb50a3-ee10-4fe7-b61e-9584deb4a0ad,1/15/2022,934,UNU
0e0a19f6-2c4f-4110-b0ac-12d514cd536c,1/18/2022,112,COC
0dcdd1f2-fb54-4397-8e91-86c05f630836,3/13/2022,139,KDK
d6ececa4-d885-4126-8115-f3776b8949db,08/03/2022,348,JOK
433a4f03-48f8-4747-b820-26ceb189418c,05/10/2022,72,PVS
670139b2-91df-49fe-ba14-f8f684e21607,6/20/2022,1202,CKA
3b3e011a-5f73-4877-bfda-d35efb95ec2a,03/05/2022,300,BDP
3c70fdb2-c161-4426-9a81-e480987b2726,9/22/2022,5161,CJT
c8ec8946-7788-472d-8eda-d4087f6ff5af,10/31/2022,49,QSN
baf85ab4-8a06-47a1-bd8e-48be14862fb1,9/19/2022,858,PKB
e3b58afb-0133-4593-b15d-8201ec75df04,9/14/2022,1379,EVM
85d91fd6-60c7-4ff8-ae0d-ed2dcd2376fe,10/25/2022,900,PPF
1113cabe-8e20-4a38-90b4-3d95e60fb7db,2/22/2022,423,PIS
20858a22-ac00-4380-a7a5-7f727bad3e71,7/26/2022,8120,AZP
7bc92234-3712-499f-b412-ef54ca0dc743,1/13/2022,2340,WLP
4d93a974-a234-487f-aa5e-1bc38a127c41,5/18/2022,2875,NLP
d2e819ff-1767-4658-8005-46d54d77988f,02/06/2022,487,DMU
ec5a6077-cc1e-4dfa-a667-517fb483005b,6/13/2022,2756,VIA
6d54f941-315b-4d39-a360-23237ee45448,3/27/2022,72,LFW
12d6c04d-8087-4f16-8319-8e7a0e652d12,2/18/2022,151,TKC
6414d2cf-9078-44da-8f9c-00bc7b719866,09/03/2022,714,GOO
92e662a8-bc87-4908-b4cd-a821126d3e1f,9/14/2022,1968,MEW
5fdb37ba-9e3d-4b46-8613-28fdf34e1273,5/17/2022,87,CGV
a95f132c-5a3d-4149-8839-558b9a711b0d,01/02/2022,3783,ERC
c4e7db00-d25f-409b-b624-16a61d0182d5,3/21/2022,35,AVV
8b8830c8-3991-45bf-9da5-f598776a8f38,1/29/2022,111,ELB
2373da39-455c-45d6-a59d-268cb1c8e157,11/04/2022,3488,MNR
2c2c0363-d147-4ad4-b921-6b791945515f,3/24/2022,20,EVH
07793bd5-ed78-4574-91be-e00ca134165d,7/16/2022,141,MEE
e2d08735-1001-4a80-96ae-d85906fbe3ed,9/20/2022,419,MVC
a8904410-a8da-40a9-856d-2d83aedd8c0c,9/18/2022,1805,USR
3b9fc971-70e4-42ec-b8e9-a546863cdc8e,7/26/2022,19,SMI
1962b221-259d-4ff2-b990-9c33b5beeb5c,08/01/2022,459,IXM
7a83ef7e-ac81-4c49-ab59-b3805f467a3b,07/06/2022,1050,PCS
8f9dbbcb-4186-45f7-9475-219433470faa,5/26/2022,2296,GHT
7103afde-ca56-4988-80d3-dfe0f9012171,2/26/2022,26,YCA
20f04261-f14c-4b76-97d8-9da434aaf74e,1/21/2022,1169,URB
b6d86be6-4936-4949-b4eb-c08d3558438d,11/02/2022,67,BRT
d9745f6b-7b48-4407-b135-bc4e7e579b7f,08/10/2022,712,LHE
b2288b49-45a5-4914-9d3b-bcf9b08e94b0,7/31/2022,1005,ZGR
03caf5c7-51d5-4982-b406-a0fdb825de67,12/09/2022,4200,KGW
35efe5cc-4f42-4d44-90fa-e70c769778f6,8/31/2022,106,NRN
6512667d-c8df-4b75-83a8-ed8dd8c2d68a,07/03/2022,250,AGA
eb052874-045a-4c7f-b519-7da11a5245ea,7/17/2022,716,YIP
0251d7a3-1d2c-4d76-99b6-0dfd597edfe2,5/28/2022,916,CUH
815571d6-c6c2-4ede-913e-c06c53f9eb76,6/15/2022,17,PVE
aa00496c-a6e2-41a7-80c1-58591ab4e726,08/01/2022,289,BSK
40e85933-ffad-4a94-98ac-c6f672bef9e5,9/28/2022,753,YGM
f825c292-07f7-461d-8876-d295fc9ecd35,9/29/2022,526,LTN
20d73c2c-962f-4c2f-bb64-8c81aa6a3707,7/30/2022,629,MKG
5491328c-d324-452e-9746-110d91b552cf,6/21/2022,128,VIC
de107686-c756-4788-b5ba-262937994fb9,9/27/2022,145,WEH
c2a8a9e2-dc68-4b2c-86ef-2b9f83b70f38,4/25/2022,167,JAK
9fc93c52-02ef-4edc-851a-806260c83481,10/03/2022,3400,ZGM
8e5f01aa-4965-4d71-9a98-50e22362b5cd,01/07/2022,3365,TDB
22b656cf-6fd2-429c-bb72-b4fe69bcf81a,11/07/2022,5127,LNM
ca2faea6-b835-47cb-a83e-0883c56740b3,4/19/2022,6609,GCN
cbeded9d-6eb2-4192-91ad-bbe6623638cf,2/28/2022,349,LPP
e776a226-59ca-49a4-8ea8-2d8bfcadb654,04/12/2022,919,AID
ddb3f125-fac1-44c9-840b-5b90ea94a32a,02/11/2022,465,OMR
f026d7f8-82a2-4935-a56c-110174897862,11/13/2022,659,LGG
ea9973aa-bde4-4edd-8f52-0dc82b4db0d0,09/09/2022,282,TKG
ec9cdf13-e5a8-4eab-bde0-45abd6b04eea,02/12/2022,1338,MYC
103d5154-3f5a-4aa0-8074-df6045177e22,06/03/2022,,MNW
f7421f4d-55b7-4713-8dc2-7f4df82db50f,01/06/2022,30,BLA
664cfddb-12e9-4cb7-bb99-4ac6f1b1bb57,04/01/2022,,RBU
fb7b39fe-92af-4502-a03c-99ac4670827e,11/25/2022,1473,PVL
cf57608c-9cad-4dd3-aa9a-b5a169176d47,7/23/2022,1597,0
fbb75be7-4284-42c7-b6fe-48d8e9c3c5d5,08/09/2022,3635,YAA
e297e67b-a93a-47e8-bbec-9d05a1a72c32,08/08/2022,,LUT
daedd211-cb1f-42b1-bb15-116f04270950,9/17/2022,110,YFB
66ff6f32-2de6-45c2-8dd0-b9d95aa2d2ab,10/27/2022,2500,PGI
67c11d4d-139c-48a0-99c7-15a3b6f6acf8,07/03/2022,594,UMY
abe6444b-123d-4051-bcc5-8524e0d2ead3,02/10/2022,50,BMZ
c16e00f8-258f-47f2-8f7d-c5694e23fdcf,11/29/2022,291,CSF
f3cbd972-33e5-4bc3-8321-52a617101d2a,12/26/2021,414,JUV
e5303530-2bc4-405e-949d-22e739adff1b,08/09/2022,4,MSY
332e415a-d963-4b21-bcc4-ed12a9fa4b23,12/28/2021,49,CPX
66c49a5f-426d-4e24-bd26-dc57b0cd15b2,07/01/2022,466,ENU
1497f2f9-f1ce-4949-822f-e664437d1ae6,08/05/2022,151,CZK
14cc260c-a7c1-421c-8760-10e3ec7df082,7/26/2022,33,BIX
8472c583-e604-4811-9e20-35155faf597b,03/03/2022,5586,LND
e1fd2abf-a54d-4c0e-ab01-93099409eb7e,10/04/2022,15,TWT
2b19de0e-6b3f-4e33-805d-349198b623d3,2/17/2022,961,WHF
5d9033d2-e88b-4406-853e-e899972845f9,8/15/2022,1220,BBJ
f96edfcd-81c7-4919-a02d-007d4ba416a4,03/03/2022,7,KVG
2b69f681-421d-4dcf-99d6-f0fcc788c519,9/25/2022,1278,QRT
11eded37-69df-4243-8d0b-91948a4cd2f0,1/27/2022,67,MVY
475646d9-d1f8-4f0d-bf83-903ef94305f8,7/13/2022,47,ACK
1d40f018-56b6-42c7-9e0e-857c49051918,05/12/2022,969,INT
c9b4802b-d2a2-4f23-bb11-72806b5f49a9,10/18/2022,4181,MBD
83f47ef4-e0f6-439c-a2fe-8211b77bf7c7,10/06/2022,20,SUH
986bb750-e051-4180-bc36-d07639b2da5e,02/11/2022,,EGM
848a1cb4-13ee-4743-8b0f-04804ab26760,2/25/2022,728,MYP
ee813122-faf3-4c1b-b7cb-84c49908347f,01/06/2022,66,HKN
86d3c664-ddb1-4a53-baeb-32feef3a0df3,09/02/2022,283,GOH
64b1fbda-a94e-4a56-9540-c21b2e7fbcd9,04/09/2022,54,IRA
f7743e9a-d7e5-4cea-98f3-ce7896e27dc5,06/03/2022,13,JFK
0976967d-4a79-4ceb-a920-b45ad0561b51,3/27/2022,333,WVL
d263f285-29f3-44c3-9c62-b3e3df854717,09/12/2022,75,YEO
40d07ba4-d021-480d-8720-341cd192289f,6/22/2022,4950,TFM
0c293a80-c0cb-4253-88e7-f9af37c4f807,11/26/2022,569,AYI
5a5fe9ab-4dd0-4843-9497-7e34fffcd658,05/10/2022,606,LAF
38c343d5-21d4-4ae9-8de3-a80262155db8,9/25/2022,3443,SBX
95ecf59b-2bad-4480-801f-087b195e1099,7/15/2022,9092,LLN
70072729-29e5-4ab7-9f16-aa686ac419b8,02/02/2022,173,SNB
03c423af-30ba-4ad9-b356-717c7a10f362,09/04/2022,1801,KLI
a3d0c1bb-6498-4b45-b024-63ce65a18f37,01/05/2022,33,DAD
ae5048df-fc8b-44aa-8c28-b729215d0649,3/23/2022,46,LSS
55ff9103-0f7f-47dc-a967-328b01298866,2/24/2022,1077,ILN
ec6cbd8a-562d-4ce8-a2c6-99b975a3d706,6/26/2022,513,PCL
b3718f98-e988-48a6-938b-1f86f89aa850,7/30/2022,493,LOW
d27c31e7-4b31-45ee-a395-5114c4016d23,03/03/2022,12,HVN
b5216704-1b5f-4497-9a21-c97ed45d98a3,8/31/2022,1203,KGI
0f6d3203-59a3-4612-9af6-b5877f0d77aa,6/15/2022,72,NHZ
489dfa11-7df1-4fdb-9cd7-e676990a8b72,4/24/2022,3887,BHH
400b3670-fb57-4fff-ba1e-e231cf5533f1,05/06/2022,27,LSA
fc2f299d-2181-4f6e-9b56-d3feb87e5ffb,12/15/2022,595,YXI
6444153a-18a4-46d0-b6e4-b23ad5e303a7,02/01/2022,56,GAO
1c3a8c48-5865-45fc-894d-4ce897b301d4,03/08/2022,31,NUB
cee27eb4-2f25-4974-ba2d-589c755dfbce,11/20/2022,15,VTZ
dba1c00d-3769-4492-ba83-7f303aa3ec1e,11/26/2022,660,MTG
05d67048-fc1f-4fd8-be05-17606fa859d9,05/01/2022,3400,BUO
99240ef9-41af-4769-b158-2e8c3551fef3,10/08/2022,32,LTF
220fb8d2-3f9d-4132-9b96-0e88b0872a07,03/10/2022,44,SPT
9dd50f89-eb67-4d16-b264-2f43b5bd4854,08/03/2022,8,APK
a891e413-5043-4efd-9ea1-5ad6c829b6c4,12/16/2022,753,YGM
20a950d0-d556-4276-af53-9529e63175b7,3/29/2022,190,SLQ
ecad54ae-d007-4524-bc9a-35665faa5dec,11/21/2022,1321,SEP
35cbbdef-ed96-4088-80ce-f0280eb9fe3f,02/10/2022,172,EMI
95192a0c-d3ae-4002-b0eb-cfe11f069c5e,04/04/2022,113,BAB
94232a28-8dca-4265-b5b8-e475163ace38,11/30/2022,2400,SKH
2a0bcc1f-fbaa-4b47-a095-202e54a1f5a5,01/02/2022,64,FAJ
17731366-4223-42cd-b5b1-70754039a65c,1/25/2022,,MWP
5ebbeead-97a5-479f-9736-c0a006a4dc85,1/31/2022,9,NEG
f864a834-b13b-4530-bd7a-1da4d2de9071,12/15/2022,160,PBJ
baf3fddf-6418-4927-ab84-6bb6b2d9e4b9,05/12/2022,17,NGU
7ea086f9-fb00-46e7-a16f-a4fed33627af,11/21/2022,1630,KND
3ee850d3-86ca-4022-a1c1-af2175bf7f05,7/23/2022,569,GAD
195f89bb-3f9c-43ba-89b8-ec632ca9f52a,11/29/2022,5978,BJR
4bc7cf69-ae32-4bec-89aa-3e7247842a04,12/29/2021,52,HUN
bb579843-18d1-4de2-9c07-44a09d8982f8,8/21/2022,674,RAC
3b511a56-2f54-4003-b523-f9b0ba0bdd0d,5/22/2022,40,WSY
1e7c5447-994d-4f95-bbc5-7eb2765c0289,11/20/2022,730,KVR
a266a6da-17fb-4046-915a-476923e29f02,3/15/2022,2717,LGD
e99f54ef-c6a7-4416-8ca3-b647fa0fd4e8,4/26/2022,4170,PYK
410cf2b1-bf12-4ba4-bb82-8718c0571724,9/16/2022,7014,FLG
c35a79ac-20c2-42f0-910f-c8fd4c4c3e0a,10/10/2022,460,ZNC
38b7bba3-bb71-490d-8803-9fae69808ac1,10/25/2022,82,BJK
466986cb-34a7-4b89-8b50-5cfeee021d94,04/03/2022,167,LNV
e5b46cd4-1303-4b82-b621-4bb7e112551a,02/08/2022,135,EDI
65581284-a14f-4877-8e1c-4b46859b7a5a,10/11/2022,837,CMY
c299a568-03c8-483a-889b-0fd9483f92e3,1/26/2022,1051,SGH
75419ba7-7c73-4e45-98d3-2d025d2586df,1/14/2022,135,RHV
73c5d7e3-a8fa-4b6b-a3e2-7a3963bc63d8,6/14/2022,42,LFT
ad656a25-88ac-4f7f-8f36-e9d0f7aa46d1,01/02/2022,680,RZS
81719ffe-564a-4c8e-ba83-dc7dd9881c33,6/23/2022,1969,MKI
9503efd2-dae0-4d2f-a204-b601b09cee38,05/11/2022,659,AAV
81a42fb3-841d-4fd4-90f8-b96591965273,10/02/2022,1886,0
9977346b-3766-430c-999c-378c6a46c38f,2/20/2022,65,CMO
34dc5de0-6512-48ca-b751-cd8d077cf33d,6/13/2022,117,YHI
a4b02105-a400-4fb9-89f6-5a62ae3ff928,02/07/2022,2477,JAE
9ea7cfae-7031-4238-917f-43487ae7fb64,10/03/2022,495,CUI
5df44601-b7ca-40c1-b2d9-827dbe29676b,10/30/2022,3707,HBB
4b02b8e3-5db6-4817-b0f2-ed3cde6b20ed,8/24/2022,79,JIK
480205bd-0d06-4732-90f7-810ab2c07aed,10/11/2022,5089,GOM
d4476c4a-b56e-4e37-9128-530c730d14e0,7/30/2022,308,WEM
043b9138-3b14-4201-beda-52c991620175,06/08/2022,15,TEO
6d464b1d-188e-4743-970f-650fcd9f28bb,08/04/2022,2365,PAF
87657f05-8bc1-4a0c-b44b-2095b26bb7a8,6/22/2022,58,BEA
3eda6a12-5ae7-4e7d-8bc8-b9a9cf15ecb8,10/08/2022,1219,AXG
648d770c-153e-42aa-9bfe-a1d3862d3f4d,8/21/2022,289,LKH
33b94248-5e79-43e8-b1d0-64941c75aa38,8/29/2022,755,CMI
2e183ec8-00e3-4d05-8bf8-7668aee0601b,12/07/2022,262,JMU
fcc2cbe4-2652-465b-88fe-115c251ba561,5/17/2022,206,RAM
c7bd7e02-75e4-4a62-9eb8-9038cb48aedf,7/31/2022,202,LGW
48b281b5-cfd3-41de-bb57-beb302b9fc70,11/18/2022,12,VRY
3c2162ef-d820-4c4e-8343-0d8735baf896,04/02/2022,700,DYW
18ed49bb-1c80-4bad-a196-1c5f6ce49eb4,12/06/2022,427,JVA
201027b1-4962-4a05-9439-d30b6eb2ac91,10/04/2022,3939,GEY
51347318-e8fc-47d8-a47a-17f5a6cd3eb3,05/06/2022,,YLG
d4ca1fe7-4531-4cd6-ac6a-f472d5c8f139,10/01/2022,9000,YON
9f0436be-b250-4138-a181-df5c88e83195,05/06/2022,5100,ASO
cd6be5bb-7706-40af-ac15-946c76b7fa53,6/25/2022,1195,CEX
8ad19776-1915-4f88-8338-05686142f406,12/06/2022,180,MFZ
3b7fb98f-f422-48ee-8a1c-dd6f6474fcd8,06/04/2022,9,ALF
6918d407-8dcd-4aa7-9968-8827cf2a4a10,7/22/2022,492,OGX
0193fb6e-06db-4215-98da-53bba8de4933,01/05/2022,13,CVQ
6c2ada70-578b-48c8-b9db-db6e55696af9,9/23/2022,964,TLJ
e4747a0b-9a22-42c9-b717-96d3eeba7a99,6/22/2022,1446,QRC
83f2b1e6-bae4-48e1-9f81-5286db20f2f7,1/21/2022,240,WHO
7734439d-4c14-4394-9a8e-a0433a47a7a7,1/27/2022,2148,YDQ
7a463644-1e78-45c4-93e8-c235ebfd4557,10/14/2022,128,TGJ
ebf3b48b-be52-47db-87ae-da7915188f80,02/03/2022,50,MQR
7a50e7f3-1cbb-4387-8494-41ffccfed244,5/20/2022,34,ROK
15dbdd59-2e90-40ae-97c1-fe77648b9f32,10/11/2022,7284,LAR
584fe584-0ca0-447a-8fa7-3912d6992b99,12/24/2021,15,RTP
001f213f-61dc-49ed-9c37-0550bed3acf3,10/02/2022,200,BHF
bf927a6c-ba9a-4877-a9e1-92f9f5daa2b1,05/12/2022,421,SOC
08383aa6-697b-411f-a560-44cbb5d42370,05/11/2022,1446,QRC
c22cceda-65dc-41d7-8697-d7652f9c5d20,06/08/2022,1806,RAO
41c1e00c-853c-4d2d-bc60-9ff2b3d61037,10/21/2022,6800,WAB
4272519d-10c0-4823-9256-41de1f4479b0,09/07/2022,56,ZHM
ce2cdf74-c3dd-4c12-bbfa-41fbb3ddb923,07/11/2022,417,KDN
f61b051a-acf6-4bec-a9aa-14179b78cec4,12/01/2022,85,DKR
1b672a17-781c-4494-b56a-4fa0c20aa38d,03/10/2022,29,CUR
0348cf87-b7f9-442a-a537-4b3001e1c77d,3/30/2022,352,BRK
a97f4b66-326c-4e7c-ae3e-2d7d25ff4b6c,07/07/2022,31,BKC
635dfdaf-4f7b-410d-8f6c-0a0ea3f52118,7/25/2022,7,RET
48f87d3d-ecfe-4a3b-a4fd-0accb1fa22e6,7/25/2022,129,TGT
08d07d6d-ea3c-4056-85f5-5b3e4ab26e04,8/27/2022,70,IHU
1971a316-292b-4b06-b23a-824dac8e02a4,12/28/2021,,PWN
eb912248-c4ed-4f49-9a8f-391d46e5672b,4/19/2022,1720,HAE
8dbf8b79-09e4-497a-b1f0-718e21548321,10/11/2022,3162,CLO
b5875ba2-b8b7-4bac-8806-9cc22405af2e,7/27/2022,1009,DAY
21149c76-1586-437b-85f5-20cd5c9d9fd9,5/17/2022,419,MVC
43447f35-50d9-491f-a2cc-9978867253f4,1/18/2022,281,JGS
4b60a496-d0d2-40db-9bad-352b383f8509,10/26/2022,30,NUG
260c0b69-1515-4f63-956b-98a5cad5e54a,8/26/2022,293,YFE
5bbe5d6b-47b3-4f65-b85f-e6589ae8c884,11/13/2022,2300,TPR
139bd3c8-a51c-49dc-a2d0-67813b608d70,4/19/2022,1214,HGO
a964d972-89f2-4177-aa04-0b384dd170da,08/07/2022,1003,CTL
a5e9f990-7c09-404c-a59e-cb8c005e9ee0,12/03/2022,1549,BBY
37a26df9-3243-4886-b404-0cd10c16e927,09/06/2022,2151,MED
327664c4-5267-4037-be6f-ca99e6d0a29f,1/19/2022,30,ZDY
97143c6a-c726-4550-b0ed-aa82228ac51d,8/25/2022,621,EKB
0c007867-8a7a-4e79-800a-f519e275bedc,07/07/2022,4093,HMN
3107284d-f2a1-417b-b81a-c13509e6a2cd,4/30/2022,1806,RAO
41c1c002-b8f2-4f38-ad80-004f39c8ce16,09/02/2022,15,FAS
1317d3bb-1cc9-430f-829c-a14be02af8b7,07/03/2022,1429,FSD
a8a0d995-56ff-44bf-8a98-0a6f0687494a,2/19/2022,335,DJR
72ef3caa-fb6e-4b8e-9502-a838d2dbf06c,06/01/2022,3855,JIN
8d47e5df-b6dc-4cf6-b370-3799dc9c6d3c,1/27/2022,6,HSG
ab6159c5-9387-4904-b09a-fbd2be1c0b90,09/08/2022,1969,0
a1f4a2c1-758f-4fb2-b38a-e4f30632be8d,2/21/2022,3517,BNC
de58129a-d039-43f8-a7a9-3aac27f44632,4/28/2022,10,SSW
d1bd8be3-b65b-411b-8d7a-8b5badaa3775,06/06/2022,1367,AKF
c2054afa-1a67-47eb-9b90-ea936a1c0d71,12/10/2022,53,BUY
d834e096-6995-4752-b04f-cc2ac0a168a3,3/17/2022,454,FRY
08f1c409-9239-4f10-8e53-9f5a6e338c4c,07/03/2022,408,KWG
02451999-8d20-4838-9275-91d41013bb33,11/14/2022,171,KEF
2df7496a-8494-4fc4-8c8e-13afdbeef1f0,11/26/2022,46,VSA
08d2ef7f-bdc4-4a41-b407-8f56dc0dea55,6/26/2022,50,EKS
f46c1811-cd3a-46c9-9cc6-d2353e9496de,1/28/2022,3900,JWA
ff2d631e-9b72-4bd9-9240-29d652375059,8/18/2022,167,JAK
ac88e07a-b4fc-4fbc-b7fb-9c5311d301f9,09/07/2022,614,CRL
e6124fb2-cab3-4c43-a9c3-ab661a02d490,7/16/2022,509,MWF
a5264b15-f49b-49e2-8006-e3611d3ee991,12/26/2021,74,PMV
89e62523-738a-4095-82c7-e613fd8816fe,06/03/2022,173,SNB
49691479-0ba5-421a-a518-269aee291471,03/03/2022,25,CLC
03102a6d-989e-46ba-8e3d-9982606950c4,03/09/2022,1270,OVA
7761a275-881f-41bc-b917-bd440de2aa0b,7/31/2022,75,DDP
0651f1e1-ee13-45e6-bbf6-0b48687e6cb1,3/15/2022,474,DEF
32eb0e25-07d3-4e3f-bb8e-5cbd1ae87be1,6/13/2022,623,CIY
02bcc366-d44d-4e83-b256-af064b44570d,10/02/2022,1904,MEZ
e8f4df11-d125-4b64-b784-b1ffd35c7c30,5/13/2022,35,MKZ
a49612db-4d5a-4398-b4c6-bf491409a8df,7/29/2022,1411,GVA
9d8ff133-99f0-4ea2-bd9a-ce2ef3fbc43e,1/21/2022,344,RDG
fd10fd86-1033-4972-8946-3d9303aaf9f2,1/23/2022,20,GOL
882261b6-3642-4e1c-a2d6-52a01734a6a6,3/22/2022,25,LAO
d2630308-e3be-44dd-bbd4-b389716efdce,2/27/2022,999,YDN
c5b7c7d2-7d7e-4703-8438-c3f3584e6708,01/06/2022,25,BYR
8e09e947-4eba-4f6b-b043-822b000a066d,06/09/2022,100,PSM
06e97c97-d627-4e07-aeae-e45850c6be78,04/03/2022,1442,ZUM
3bfed727-2784-4211-a4ef-11eb5c7d5071,07/01/2022,144,PGF
3c171f04-5a7a-46f1-a7af-9a57a455f484,05/06/2022,345,HVA
71caa44b-740f-46ed-9a88-bb19fe1613c3,4/25/2022,5,LWY
f20b20b3-0302-4b05-928f-ffe78bbaddc7,2/18/2022,135,PZU
3b3ca717-6d08-4c40-ab4b-aa8a6c484186,3/23/2022,,SIE
1c93094b-840a-4884-becd-5e756151da0f,08/06/2022,3720,CHJ
7ff14552-9aa8-4575-ac52-37451b665014,2/14/2022,6,XSC
093488fd-d830-4ace-9a2b-38c6189d2fdf,04/05/2022,1060,FBL
20cca889-e728-47f8-add0-5221b3266fae,04/11/2022,40,PNH
732b26c8-5ff4-4e70-85ae-dac812c6c5ac,6/16/2022,33,REC
7bc92c9d-786f-40f3-8d67-4eee57e5b5ab,3/18/2022,4812,AVA
57a7f056-b8a3-4138-9d3e-e64daa33c721,5/22/2022,655,MGC
6e939515-f0ba-469a-839c-a5d221df4eee,7/23/2022,995,GTT
4a6dd573-f27b-4cd7-a945-dacec91c26ff,08/07/2022,1176,HPT
2454b379-6482-479b-a922-81777a281378,12/19/2022,70,OGN
e07b6c8e-7622-4ffd-aee7-a34146c55ad1,12/09/2022,1716,TRH
9bb85dc4-fad0-44e2-bfc5-53f2559431b2,05/11/2022,441,RAJ
5c798118-bf46-46a0-a43e-70d0f0f3c8c0,7/26/2022,0,DBK
b8eac439-af2c-4efb-bcb3-67392833448d,04/10/2022,34,YLY
588718e5-57af-45ad-8b39-2fed78c1961f,08/07/2022,701,MRZ
d69ac15b-1015-45ed-9c22-d4eb0a94d4c4,07/04/2022,648,SQI
ec45f2c6-1389-4c78-9761-d9ad97af945e,02/09/2022,1408,YIB
dc242b73-d0e4-4efc-91b4-8d773c2622be,9/18/2022,7918,PPL
12e8da90-f7f6-468b-92a8-c38ac5861548,10/04/2022,20,BTC
44fb160c-f955-42fb-8069-f1270a489a78,3/15/2022,1270,OVA
95b8245d-f2b1-47c0-a81b-d9b275d1f47c,11/05/2022,315,ZUD
570f0ad7-4c4f-49cc-8289-3633b8d90af6,2/15/2022,53,SUI
a5ef9f1f-91e2-4ec4-8927-2e3648e74647,3/18/2022,1214,HGO
44bdee09-0335-4a3e-8b75-29983f228955,10/18/2022,27,KEB
cf9d155e-6f64-4395-ae18-2f5104cd65f3,7/19/2022,119,QSR
7a51cc32-3248-4ee4-b223-e4a46adad747,05/01/2022,15,DDN
015975f7-939c-4d6c-b715-c67024f6ca44,1/16/2022,40,YRF
c7b565c4-0ef4-4303-a19a-51fb1aedf7fb,8/17/2022,59,GSE
659281f5-3bd5-462a-9285-c989ba25e3b3,03/08/2022,1317,RST
83d9a3ca-3675-4361-ac30-1d05976870a1,12/26/2021,728,AOP
7b98698c-22bf-4924-9f61-6fe657e8c967,10/08/2022,4563,HWA
3b4ef77b-8bfa-4b6e-8a24-548c5a6c5e13,1/21/2022,824,YCE
eb96795d-43cf-4d16-892c-e4a50ab2723a,4/25/2022,712,LHE
0bcbfbd4-3565-4b88-9f81-382d25a3fc11,12/06/2022,2356,TAT
1f2caa18-86db-4e06-9a7d-04b63b7575b8,10/28/2022,145,WEH
11b81250-0c4e-4d1a-b2c6-6cd3972756d5,3/22/2022,1099,YHN
4d3ca98f-9f81-46dd-a6bb-249657a7c184,3/17/2022,49,PCV
34884d9c-c43a-4c9f-a345-50a0dd5fd2e5,03/06/2022,-182,CLR
58559f8d-3778-484d-9570-33eefd8ce44e,5/19/2022,95,JAV
b793e72f-fdb9-4ba3-9670-3339dbb0f74e,7/28/2022,506,GOT
55e23666-d109-4d48-ba5d-aee6a47eb3b9,12/07/2022,1799,GRM
ea8e1d3c-08b0-4490-9f35-2143753e5830,11/02/2022,300,DCN
6cc04074-7bf3-43c8-bcea-56d01e0d3e29,06/06/2022,,LYI
c133bfe7-ec4e-4858-a7a8-ea3a20c1e491,07/06/2022,1775,CGT
c9b83dee-00b6-4665-ac5a-4353a8258676,09/04/2022,459,BOK
41555cfe-6202-40c5-a7dc-b92744a04aac,04/01/2022,698,KKT
093953e9-8512-4e7e-bd5c-76cce2ecb6ef,7/28/2022,526,YFR
917ad4af-df25-4b1f-9461-5e5c9b4db9a7,03/05/2022,656,SGO
7ed5252c-c9dd-4eb2-af0c-d44d94d80b71,11/01/2022,7200,MKH
7db061f0-2b75-42f7-90b3-423539ff3039,02/08/2022,131,FMH
3e2f8bcb-e5c3-47b1-9c82-7ca28272496c,11/13/2022,1277,CWA
dfd3fc79-43b7-40ea-8695-ea1a8ec1178d,01/06/2022,650,CNO
14d0da62-f77a-479d-8f56-75b8143f412e,11/10/2022,405,ODH
90489e52-33d6-4bbd-a3bd-8ecf8e0c6470,6/27/2022,508,LRD
df83a5bc-c856-4760-a051-6a36dabbf63d,03/07/2022,6,TMF
cbe23a1d-6c97-4d5c-9c31-cdebcce850c7,6/28/2022,0,KPR
2f83d09b-f96c-4920-a804-8c9ecfed7d0a,02/07/2022,1048,GMU
1510ff9f-8eda-45f8-92a7-a8494df0d396,3/29/2022,166,IAN
c4aa8b4a-b734-4e63-a884-f8d97caaa770,02/02/2022,218,LBG
827e6c60-f492-45fe-a5b3-9bef9726298f,05/10/2022,1489,CAA
ace3aeb4-10b4-4f1e-9311-753935c2816e,07/11/2022,2287,VPY
da8136da-d05b-4656-97ea-36ccfc66c6d4,01/08/2022,28,HKG
ea47eab8-eb30-4765-bd33-b1c3885401bc,9/27/2022,495,YAI
9d8c8501-9429-4851-bf64-cc89b6f6c4aa,3/25/2022,675,RZE
f0c5e868-b7ff-4c8e-b708-4feabefcd20d,08/10/2022,17,OTH
5f5345ee-9bbe-4404-81d3-a4433c6d2fd3,11/12/2022,1776,BWK
e4047e40-fa44-4be2-af90-a6d921a748c4,7/22/2022,258,BNI
cad58c50-5711-4dc7-8f2e-de4475c67732,2/17/2022,78,CGC
fce0966b-7c67-499d-a55f-41f728f00865,02/11/2022,5,ASD
5c435390-f9dc-41b3-b49d-cafdc1652f71,11/29/2022,95,IOP
dd9ef0b9-7288-4077-8401-7262b61318a5,03/10/2022,394,0
fa229812-70de-40a8-98d2-75e8ea1d151b,6/17/2022,6955,MDE
23b0d514-4342-4f31-b598-a323e0676546,09/12/2022,3946,BIF
12812773-73b8-4fc7-9ef1-ca20d7004fc2,03/07/2022,1456,MYM
3fdf9f35-3b7e-4cff-b7a9-ecab971c2428,01/12/2022,194,LME
168d0086-ceb2-4884-abbf-ce294ba323af,2/25/2022,302,SJY
eca3ff90-f0c1-4491-b568-31fd9e19c752,04/08/2022,791,CLE
8aa74e30-f0b5-464c-a2d6-20b5aa1bbff3,1/14/2022,474,HFS
2d064a83-74b3-469a-9146-b43c49f52fd5,09/06/2022,2592,DIK
9101d477-b835-486f-b20a-8387d01ddcee,8/15/2022,3782,RKZ
b3911a98-c8fd-42d7-a793-0870c567e6a5,3/27/2022,4167,NLA
f5cd8a4c-838b-47c9-956b-7c6da34841a6,5/15/2022,7,JON
ee8a6234-a6e9-4613-b960-4a393a52116a,12/02/2022,3990,AXM
ae1871c7-722c-4bd5-8061-cc780b3aeba4,5/25/2022,166,SEM
d2ce49ed-2ab7-441d-9ddd-1e6a28738f0a,05/04/2022,691,SKF
9b6b55d7-4fa0-40a0-971b-7d87812e39fd,08/11/2022,1799,YQW
3d79a617-b4b8-4ca1-8e1d-b4fd4c1d89ac,9/29/2022,95,GEO
e72f7d4d-aae6-45c5-bce6-6108d95d9b90,12/30/2021,32,TPX
96cd49a3-3fbb-43ea-aa31-9024493d1dd1,3/22/2022,1399,MEJ
41166753-6ef6-4da3-80e4-82843a5c1c1f,12/31/2021,2653,ANK
fbf350c4-f47a-4627-90ad-ac0dd1bb5a82,02/08/2022,,MHI
8697d793-ad1f-4c1c-92c3-dd24424408dc,9/17/2022,170,MVI
c8c97fd9-8e06-4615-9cb5-3f24b3ea4b46,10/26/2022,4456,LRU
b9eab757-e950-4b66-89e4-61be9455ebb8,4/22/2022,59,NAN
f4978cc0-43a3-47db-933a-799efacedd92,4/28/2022,285,GOZ
cf88b3c3-dbea-4ea4-b7ab-a9a520876636,01/05/2022,125,ODL
26ac6477-f65b-4695-a748-cb24c47a3ed5,2/19/2022,98,UKA
e6e0c366-771b-463f-ba11-6c8810050bbd,09/09/2022,310,MDT
09ff90fb-1485-4861-a9cf-a235e7e48df9,03/09/2022,7,LNB
9808d0b3-8787-4144-8b60-40b4894435ac,12/27/2021,6193,CIG
56bb833a-c0ec-40ed-8111-7cfa36ff7388,11/15/2022,131,IXQ
eecfcc20-5280-4499-a15c-fe58f2598104,10/29/2022,1007,WMA
6eefe352-4321-4640-9af0-ed8f7e98b90f,06/03/2022,,ULG
5d60ccbc-1c48-412b-b6ad-60eee7274015,08/05/2022,95,KIZ
03a357d2-e411-435d-8122-dd8e8df6cb3a,11/02/2022,50,LMQ
f5aaf25d-759c-4baa-9038-7ee29f465456,8/21/2022,1576,YLJ
54d75f00-013d-41ea-9c94-2be4ec60abe1,02/12/2022,903,OEO
c16da79e-3a0f-4b59-a3b3-57b475d0660f,12/07/2022,988,WFK
a3084531-de0e-475b-8512-6bf0b79b971e,07/08/2022,7,JAP
3b33d9d3-f725-4623-97d0-fc6ee20af574,6/24/2022,942,KJA
4f3f49fd-e25e-4996-8695-33e1522c717e,10/22/2022,,PTD
97b15fcb-70d1-45ea-910b-8fcd6e024030,10/21/2022,43,RRM
d47c67f2-ff92-45a9-b7f4-46bc778ad120,10/28/2022,148,SKW
